id,name,group,question,critical,kind,outlook
A1,"Net-zero ambition (≤2050, scope coverage)",Ambition & targets,Q2,,,
A2,Short-term GHG target (to 2028–2030),Ambition & targets,,,,
A3,Medium-term GHG target (2029–2035),Ambition & targets,Q2,yes,,
A4,Long-term GHG target (2036–2050),Ambition & targets,,,,
A5,Scope 3 target coverage,Ambition & targets,,,,
A6,Target pathway alignment & third-party validation,Ambition & targets,Q2,yes,,
A7,"Treatment of carbon credits, removals & EACs",Ambition & targets,,,,
B1,Quantified decarbonisation levers,Strategy,Q3,,,
B2,Green revenue / product portfolio transition,Strategy,,,,
B3,Phase-out & locked-in emissions,Strategy,Q3,yes,,
B4,Key assumptions & external dependencies,Strategy,Q1,,,
C1,Capex alignment with targets,Capital,Q3,yes,,
C2,"Transition financing & resources (opex, funding)",Capital,,,,
C3,Climate in financial statements,Capital,Q1,,,
C4,Internal carbon price & scenario analysis in decisions,Capital,,,,
D1,Board oversight & plan approval,Governance,Q4,,,
D2,Executive remuneration linked to transition KPIs,Governance,Q4,yes,,
D3,"Management accountability, skills & culture",Governance,,,,
E1,Climate policy engagement alignment,Engagement,Q5,,,
E2,"Value-chain engagement (suppliers, customers)",Engagement,,,,
F1,Just transition commitments,Just transition,,,,
F2,Adaptation & nature dependencies,Just transition,,,,
G1,GHG disclosure (Scope 1–3) with assurance,Metrics & track record,Q1,,,
G2,Current emissions performance vs sector pathway,Metrics & track record,Q5,yes,,
G3,Historical delivery vs past targets,Metrics & track record,Q5,,,
G4,Progress reporting & plan updates,Metrics & track record,,,,
G5,Substantiation & consistency of claims,Metrics & track record,Q4,,,
targets_weakened,Targets weakened or dropped,Outlook,,,event,Negative
new_fossil_capacity,New unabated fossil capacity,Outlook,,,event,Watch
