alias,canonical
location-based,location_based
location based,location_based
location_based,location_based
market-based,market_based
market based,market_based
market_based,market_based
operational control,operational_control
operational_control,operational_control
operational control approach,operational_control
financial control,financial_control
financial_control,financial_control
financial control approach,financial_control
equity share,equity_share
equity_share,equity_share
equity share approach,equity_share
reported,reported
as reported,reported
adjusted,adjusted
as adjusted,adjusted
like-for-like,like_for_like
like for like,like_for_like
like_for_like,like_for_like
lfl,like_for_like
