currency,year,usd_per_unit,source
AUD,2019,0.69520000,https://www.federalreserve.gov/releases/g5a/20220103/default.htm
AUD,2020,0.68990000,https://www.federalreserve.gov/releases/g5a/20220103/default.htm
AUD,2021,0.75150000,https://www.federalreserve.gov/releases/g5a/20220103/default.htm
AUD,2022,0.69510000,https://www.federalreserve.gov/releases/g5a/current/default.htm
AUD,2023,0.66440000,https://www.federalreserve.gov/releases/g5a/current/default.htm
AUD,2024,0.65970000,https://www.federalreserve.gov/releases/g5a/current/default.htm
AUD,2025,0.64500000,https://www.federalreserve.gov/releases/g5a/current/default.htm
CAD,2019,0.75363630,https://www.federalreserve.gov/releases/g5a/20220103/default.htm
CAD,2020,0.74504545,https://www.federalreserve.gov/releases/g5a/20220103/default.htm
CAD,2021,0.79789356,https://www.federalreserve.gov/releases/g5a/20220103/default.htm
CAD,2022,0.76840326,https://www.federalreserve.gov/releases/g5a/current/default.htm
CAD,2023,0.74107011,https://www.federalreserve.gov/releases/g5a/current/default.htm
CAD,2024,0.72998029,https://www.federalreserve.gov/releases/g5a/current/default.htm
CAD,2025,0.71566593,https://www.federalreserve.gov/releases/g5a/current/default.htm
CHF,2019,1.00633994,https://www.federalreserve.gov/releases/g5a/20220103/default.htm
CHF,2020,1.06507615,https://www.federalreserve.gov/releases/g5a/20220103/default.htm
CHF,2021,1.09361330,https://www.federalreserve.gov/releases/g5a/20220103/default.htm
CHF,2022,1.04712042,https://www.federalreserve.gov/releases/g5a/current/default.htm
CHF,2023,1.11308994,https://www.federalreserve.gov/releases/g5a/current/default.htm
CHF,2024,1.13533152,https://www.federalreserve.gov/releases/g5a/current/default.htm
CHF,2025,1.20409392,https://www.federalreserve.gov/releases/g5a/current/default.htm
CNY,2019,0.14475760,https://www.federalreserve.gov/releases/g5a/20220103/default.htm
CNY,2020,0.14483937,https://www.federalreserve.gov/releases/g5a/20220103/default.htm
CNY,2021,0.15501953,https://www.federalreserve.gov/releases/g5a/20220103/default.htm
CNY,2022,0.14861049,https://www.federalreserve.gov/releases/g5a/current/default.htm
CNY,2023,0.14122499,https://www.federalreserve.gov/releases/g5a/current/default.htm
CNY,2024,0.13897189,https://www.federalreserve.gov/releases/g5a/current/default.htm
CNY,2025,0.13913043,https://www.federalreserve.gov/releases/g5a/current/default.htm
DKK,2019,0.14991829,https://www.federalreserve.gov/releases/g5a/20220103/default.htm
DKK,2020,0.15283509,https://www.federalreserve.gov/releases/g5a/20220103/default.htm
DKK,2021,0.15899009,https://www.federalreserve.gov/releases/g5a/20220103/default.htm
DKK,2022,0.14127087,https://www.federalreserve.gov/releases/g5a/current/default.htm
DKK,2023,0.14513788,https://www.federalreserve.gov/releases/g5a/current/default.htm
DKK,2024,0.14502212,https://www.federalreserve.gov/releases/g5a/current/default.htm
DKK,2025,0.15120129,https://www.federalreserve.gov/releases/g5a/current/default.htm
EUR,2019,1.11940000,https://www.federalreserve.gov/releases/g5a/20220103/default.htm
EUR,2020,1.14100000,https://www.federalreserve.gov/releases/g5a/20220103/default.htm
EUR,2021,1.18300000,https://www.federalreserve.gov/releases/g5a/20220103/default.htm
EUR,2022,1.05340000,https://www.federalreserve.gov/releases/g5a/current/default.htm
EUR,2023,1.08170000,https://www.federalreserve.gov/releases/g5a/current/default.htm
EUR,2024,1.08200000,https://www.federalreserve.gov/releases/g5a/current/default.htm
EUR,2025,1.13060000,https://www.federalreserve.gov/releases/g5a/current/default.htm
GBP,2019,1.27680000,https://www.federalreserve.gov/releases/g5a/20220103/default.htm
GBP,2020,1.28290000,https://www.federalreserve.gov/releases/g5a/20220103/default.htm
GBP,2021,1.37640000,https://www.federalreserve.gov/releases/g5a/20220103/default.htm
GBP,2022,1.23710000,https://www.federalreserve.gov/releases/g5a/current/default.htm
GBP,2023,1.24400000,https://www.federalreserve.gov/releases/g5a/current/default.htm
GBP,2024,1.27810000,https://www.federalreserve.gov/releases/g5a/current/default.htm
GBP,2025,1.31920000,https://www.federalreserve.gov/releases/g5a/current/default.htm
JPY,2019,0.00917273,https://www.federalreserve.gov/releases/g5a/20220103/default.htm
JPY,2020,0.00936545,https://www.federalreserve.gov/releases/g5a/20220103/default.htm
JPY,2021,0.00910391,https://www.federalreserve.gov/releases/g5a/20220103/default.htm
JPY,2022,0.00760694,https://www.federalreserve.gov/releases/g5a/current/default.htm
JPY,2023,0.00711743,https://www.federalreserve.gov/releases/g5a/current/default.htm
JPY,2024,0.00660262,https://www.federalreserve.gov/releases/g5a/current/default.htm
JPY,2025,0.00668590,https://www.federalreserve.gov/releases/g5a/current/default.htm
NOK,2019,0.11363507,https://www.federalreserve.gov/releases/g5a/20220103/default.htm
NOK,2020,0.10606366,https://www.federalreserve.gov/releases/g5a/20220103/default.htm
NOK,2021,0.11633995,https://www.federalreserve.gov/releases/g5a/20220103/default.htm
NOK,2022,0.10401714,https://www.federalreserve.gov/releases/g5a/current/default.htm
NOK,2023,0.09464409,https://www.federalreserve.gov/releases/g5a/current/default.htm
NOK,2024,0.09295927,https://www.federalreserve.gov/releases/g5a/current/default.htm
NOK,2025,0.09629088,https://www.federalreserve.gov/releases/g5a/current/default.htm
SEK,2019,0.10570378,https://www.federalreserve.gov/releases/g5a/20220103/default.htm
SEK,2020,0.10849870,https://www.federalreserve.gov/releases/g5a/20220103/default.htm
SEK,2021,0.11653382,https://www.federalreserve.gov/releases/g5a/20220103/default.htm
SEK,2022,0.09883669,https://www.federalreserve.gov/releases/g5a/current/default.htm
SEK,2023,0.09426048,https://www.federalreserve.gov/releases/g5a/current/default.htm
SEK,2024,0.09456801,https://www.federalreserve.gov/releases/g5a/current/default.htm
SEK,2025,0.10197838,https://www.federalreserve.gov/releases/g5a/current/default.htm
