word,language,decimal
the,en,point
and,en,point
of,en,point
to,en,point
that,en,point
for,en,point
with,en,point
was,en,point
are,en,point
by,en,point
this,en,point
which,en,point
from,en,point
have,en,point
der,de,comma
die,de,comma
das,de,comma
und,de,comma
ist,de,comma
nicht,de,comma
mit,de,comma
für,de,comma
von,de,comma
auf,de,comma
wir,de,comma
sind,de,comma
eine,de,comma
werden,de,comma
le,fr,comma
les,fr,comma
et,fr,comma
est,fr,comma
pour,fr,comma
dans,fr,comma
que,fr,comma
des,fr,comma
sur,fr,comma
avec,fr,comma
nous,fr,comma
sont,fr,comma
une,fr,comma
el,es,comma
los,es,comma
las,es,comma
y,es,comma
para,es,comma
por,es,comma
del,es,comma
se,es,comma
como,es,comma
pero,es,comma
más,es,comma
son,es,comma
il,it,comma
gli,it,comma
che,it,comma
nel,it,comma
della,it,comma
sono,it,comma
non,it,comma
anche,it,comma
questo,it,comma
nella,it,comma
dei,it,comma
het,nl,comma
een,nl,comma
van,nl,comma
niet,nl,comma
voor,nl,comma
met,nl,comma
zijn,nl,comma
op,nl,comma
wij,nl,comma
ook,nl,comma
dat,nl,comma
worden,nl,comma
